-- Inserccion a tabla tipo_de_rol
INSERT INTO tipo_de_rol (nivel_rol, nombre_rol) VALUES (1, 'administrativo');
INSERT INTO tipo_de_rol (nivel_rol, nombre_rol) VALUES (2, 'docente');
INSERT INTO tipo_de_rol (nivel_rol, nombre_rol) VALUES (3, 'padre');
INSERT INTO tipo_de_rol (nivel_rol, nombre_rol) VALUES (4, 'alumno');

-- Inserccion de tipo de contrato
INSERT INTO tipo_contrato (nivel, nombre) VALUES 
(1, 'Contrato de tiempo completo'),   
(1, 'Contrato de medio tiempo'),      
(1, 'Contrato por horas'),            
(2, 'Contrato fijo'),                 
(2, 'Contrato temporal'),             
(2, 'Contrato de prácticas');         

-- Inserccion para grados
INSERT INTO grados (nombre, grupo, aula, turno, ciclo_escolar) VALUES
('Primer Grado', 'A', 'Aula 101', 'matutino', '2024-2025'),
('Primer Grado', 'B', 'Aula 102', 'matutino', '2024-2025'),
('Segundo Grado', 'A', 'Aula 201', 'matutino', '2024-2025'),
('Segundo Grado', 'B', 'Aula 202', 'matutino', '2024-2025'),
('Tercer Grado', 'A', 'Aula 301', 'matutino', '2024-2025'),
('Tercer Grado', 'B', 'Aula 302', 'matutino', '2024-2025'),
('Cuarto Grado', 'A', 'Aula 401', 'matutino', '2024-2025'),
('Cuarto Grado', 'B', 'Aula 402', 'matutino', '2024-2025'),
('Quinto Grado', 'A', 'Aula 501', 'matutino', '2024-2025'),
('Quinto Grado', 'B', 'Aula 502', 'matutino', '2024-2025'),
('Sexto Grado', 'A', 'Aula 601', 'matutino', '2024-2025'),
('Sexto Grado', 'B', 'Aula 602', 'matutino', '2024-2025'),

('Primer Grado', 'A', 'Aula 103', 'vespertino', '2024-2025'),
('Primer Grado', 'B', 'Aula 104', 'vespertino', '2024-2025'),
('Segundo Grado', 'A', 'Aula 203', 'vespertino', '2024-2025'),
('Segundo Grado', 'B', 'Aula 204', 'vespertino', '2024-2025'),
('Tercer Grado', 'A', 'Aula 303', 'vespertino', '2024-2025'),
('Tercer Grado', 'B', 'Aula 304', 'vespertino', '2024-2025'),
('Cuarto Grado', 'A', 'Aula 403', 'vespertino', '2024-2025'),
('Cuarto Grado', 'B', 'Aula 404', 'vespertino', '2024-2025'),
('Quinto Grado', 'A', 'Aula 503', 'vespertino', '2024-2025'),
('Quinto Grado', 'B', 'Aula 504', 'vespertino', '2024-2025'),
('Sexto Grado', 'A', 'Aula 603', 'vespertino', '2024-2025'),
('Sexto Grado', 'B', 'Aula 604', 'vespertino', '2024-2025');

-- Inserccion de materias
-- antes de insertarlas se modifico el tamaño que se puede recibir en nombre
ALTER TABLE materias MODIFY COLUMN nombre VARCHAR(30);

INSERT INTO materias (nombre, descripcion) VALUES
('Matemáticas', 'Estudio de números y operaciones.'),
('Español', 'Lectura y escritura en lengua española.'),
('Ciencias', 'Estudio de la naturaleza y el entorno.'),
('Historia', 'Conocimiento de eventos y civilizaciones pasadas.'),
('Geografía', 'Estudio de lugares y características del mundo.'),
('Educación Física', 'Actividades deportivas y ejercicios.'),
('Artes', 'Expresión artística a través de diversas técnicas.'),
('Música', 'Introducción a la teoría y práctica musical.'),
('Inglés', 'Aprendizaje del idioma inglés.'),
('Computación', 'Uso básico de herramientas tecnológicas.'),
('Ética', 'Formación de valores y convivencia.'),
('Civismo', 'Derechos y deberes ciudadanos.');


-- Inserccion para padres, como el rfc y el curp son mas largos se tuvo que modificar el tamaño de esos dos campos con las siguientes consultas:
ALTER TABLE usuarios MODIFY rfc VARCHAR(20);
ALTER TABLE usuarios MODIFY curp VARCHAR(20);

-- Inserccion de 50 usuarios que seran docentes
-- 20 usuarios
INSERT INTO usuarios (apellido_paterno, apellido_materno, nombre, email, telefono, curp, fecha_nacimiento, genero, rfc, tipo_usuario)
VALUES ('García', 'López', 'Ana', 'ana.garcia@example.com', '5551234567', 'GALO880123HDFRRL01', '1988-01-23', 'F', 'GALO880123XXX', 2),
('Pérez', 'Sánchez', 'Luis', 'luis.perez@example.com', '5559876543', 'PESL750415HDFRSN09', '1975-04-15', 'M', 'PESL750415XXX', 2),
('Hernández', 'Martínez', 'Marta', 'marta.hernandez@example.com', '5555647382', 'HEMA920305MDFRRT08', '1992-03-05', 'F', 'HEMA920305XXX', 2),
('Ramírez', 'Torres', 'Carlos', 'carlos.ramirez@example.com', '5557382946', 'RATO830620HDFRRR06', '1983-06-20', 'M', 'RATO830620XXX', 2),
('Fernández', 'Castillo', 'Lucía', 'lucia.fernandez@example.com', '5559271834', 'FECL950211MDFRSL04', '1995-02-11', 'F', 'FECL950211XXX', 2),
('Díaz', 'Moreno', 'Fernando', 'fernando.diaz@example.com', '5558392746', 'DIMF890729HDFRRN05', '1989-07-29', 'M', 'DIMF890729XXX', 2),
('Soto', 'Vargas', 'Elena', 'elena.soto@example.com', '5557162849', 'SOVE860909MDFRRL03', '1986-09-09', 'F', 'SOVE860909XXX', 2),
('Aguilar', 'Mendoza', 'Raúl', 'raul.aguilar@example.com', '5556382917', 'AGMR830215HDFRRL08', '1983-02-15', 'M', 'AGMR830215XXX', 2),
('Jiménez', 'Ortega', 'Claudia', 'claudia.jimenez@example.com', '5551273648', 'JIOC910523MDFRRL02', '1991-05-23', 'F', 'JIOC910523XXX', 2),
('Mora', 'Luna', 'Diego', 'diego.mora@example.com', '5559247836', 'MOLD880912HDFRRL07', '1988-09-12', 'M', 'MOLD880912XXX', 2),
('Rojas', 'Paredes', 'Alma', 'alma.rojas@example.com', '5551274963', 'ROPA930715MDFRRL06', '1993-07-15', 'F', 'ROPA930715XXX', 2),
('Salinas', 'Cruz', 'Mario', 'mario.salinas@example.com', '5558736251', 'SACM840504HDFRRL01', '1984-05-04', 'M', 'SACM840504XXX', 2),
('Guzmán', 'Beltrán', 'Julia', 'julia.guzman@example.com', '5559264837', 'GUBE970610MDFRRL04', '1997-06-10', 'F', 'GUBE970610XXX', 2),
('Castro', 'Flores', 'José', 'jose.castro@example.com', '5557182934', 'CAFL780804HDFRRL09', '1978-08-04', 'M', 'CAFL780804XXX', 2),
('Ortega', 'Suárez', 'Gabriela', 'gabriela.ortega@example.com', '5551273846', 'ORSU940125MDFRRL02', '1994-01-25', 'F', 'ORSU940125XXX', 2),
('Vargas', 'Reyes', 'David', 'david.vargas@example.com', '5551728394', 'VARE870910HDFRRL03', '1987-09-10', 'M', 'VARE870910XXX', 2),
('Navarro', 'Silva', 'Paula', 'paula.navarro@example.com', '5558264957', 'NASP990514MDFRRL07', '1999-05-14', 'F', 'NASP990514XXX', 2),
('López', 'González', 'Eduardo', 'eduardo.lopez@example.com', '5552348765', 'LOGE880124HDFRRL08', '1988-01-24', 'M', 'LOGE880124XXX', 2),
('Vega', 'Ramírez', 'Carolina', 'carolina.vega@example.com', '5559276348', 'VERC950708MDFRRL01', '1995-07-08', 'F', 'VERC950708XXX', 2),
('Morales', 'Escobar', 'Ricardo', 'ricardo.morales@example.com', '5558472639', 'MOER790614HDFRRL05', '1979-06-14', 'M', 'MOER790614XXX', 2),
('Cortés', 'Ramírez', 'Beatriz', 'beatriz.cortes@example.com', '5558293746', 'CORB850705MDFRRN07', '1985-07-05', 'F', 'CORB850705XXX', 2),
('Estrada', 'Molina', 'Javier', 'javier.estrada@example.com', '5559182736', 'ESMJ760314HDFRRR03', '1976-03-14', 'M', 'ESMJ760314XXX', 2),
('Luna', 'Ramos', 'Valeria', 'valeria.luna@example.com', '5557381924', 'LURV930612MDFRRL08', '1993-06-12', 'F', 'LURV930612XXX', 2),
('Peña', 'Castro', 'Raúl', 'raul.pena@example.com', '5558273645', 'PECR850923HDFRRN02', '1985-09-23', 'M', 'PECR850923XXX', 2),
('Herrera', 'Guzmán', 'María', 'maria.herrera@example.com', '5558273648', 'HEGM920402MDFRRN05', '1992-04-02', 'F', 'HEGM920402XXX', 2),
('Serrano', 'Villalobos', 'Carlos', 'carlos.serrano@example.com', '5557162847', 'SEVC800712HDFRRN04', '1980-07-12', 'M', 'SEVC800712XXX', 2),
('Rivas', 'González', 'Patricia', 'patricia.rivas@example.com', '5558392734', 'RIGP900811MDFRRN01', '1990-08-11', 'F', 'RIGP900811XXX', 2),
('Medina', 'Fuentes', 'Antonio', 'antonio.medina@example.com', '5557182938', 'MEFA820918HDFRRN03', '1982-09-18', 'M', 'MEFA820918XXX', 2),
('Ortiz', 'Palacios', 'Luciana', 'luciana.ortiz@example.com', '5559172638', 'ORPL930103MDFRRN07', '1993-01-03', 'F', 'ORPL930103XXX', 2),
('Romero', 'Salinas', 'Jorge', 'jorge.romero@example.com', '5559173648', 'ROSA830206HDFRRN08', '1983-02-06', 'M', 'ROSA830206XXX', 2),
('Lozano', 'Mendoza', 'Clara', 'clara.lozano@example.com', '5556173849', 'LOMC910815MDFRRN09', '1991-08-15', 'F', 'LOMC910815XXX', 2),
('Esquivel', 'Durán', 'Diego', 'diego.esquivel@example.com', '5557483926', 'ESDD870912HDFRRN06', '1987-09-12', 'M', 'ESDD870912XXX', 2),
('Campos', 'Hernández', 'Gabriela', 'gabriela.campos@example.com', '5557263948', 'CAHG960411MDFRRN03', '1996-04-11', 'F', 'CAHG960411XXX', 2),
('Moreno', 'Sandoval', 'Ricardo', 'ricardo.moreno@example.com', '5557361948', 'MOSR850409HDFRRN05', '1985-04-09', 'M', 'MOSR850409XXX', 2),
('Juárez', 'Núñez', 'Daniela', 'daniela.juarez@example.com', '5559268374', 'JUND930225MDFRRN02', '1993-02-25', 'F', 'JUND930225XXX', 2),
('Vázquez', 'López', 'Pedro', 'pedro.vazquez@example.com', '5556384729', 'VALP850810HDFRRN01', '1985-08-10', 'M', 'VALP850810XXX', 2),
('Ramón', 'Flores', 'Ana', 'ana.ramon@example.com', '5557361928', 'RAFA920308MDFRRN04', '1992-03-08', 'F', 'RAFA920308XXX', 2),
('Ledesma', 'Montes', 'Arturo', 'arturo.ledesma@example.com', '5559263847', 'LEMA890620HDFRRN02', '1989-06-20', 'M', 'LEMA890620XXX', 2),
('Villalobos', 'Durán', 'Lorena', 'lorena.villalobos@example.com', '5559384726', 'VIDL880511MDFRRN07', '1988-05-11', 'F', 'VIDL880511XXX', 2),
('Barajas', 'Cárdenas', 'Miguel', 'miguel.barajas@example.com', '5557462819', 'BAMC850723HDFRRN01', '1985-07-23', 'M', 'BAMC850723XXX', 2),
('Zamora', 'García', 'Ángel', 'angel.zamora@example.com', '5558347261', 'ZAGA820715HDFRRN03', '1982-07-15', 'M', 'ZAGA820715XXX', 2),
('Navarro', 'Reyes', 'Teresa', 'teresa.navarro@example.com', '5559374826', 'NARE900104MDFRRN02', '1990-01-04', 'F', 'NARE900104XXX', 2),
('Olivares', 'Sánchez', 'Fernando', 'fernando.olivares@example.com', '5558273645', 'OLSF850922HDFRRN05', '1985-09-22', 'M', 'OLSF850922XXX', 2),
('Salazar', 'Hernández', 'Paulina', 'paulina.salazar@example.com', '5557162846', 'SAHP930610MDFRRN09', '1993-06-10', 'F', 'SAHP930610XXX', 2),
('Valencia', 'Pérez', 'Gustavo', 'gustavo.valencia@example.com', '5558172639', 'VAPG860414HDFRRN06', '1986-04-14', 'M', 'VAPG860414XXX', 2),
('Castillo', 'Ortiz', 'Silvia', 'silvia.castillo@example.com', '5559273648', 'CAOS900918MDFRRN01', '1990-09-18', 'F', 'CAOS900918XXX', 2),
('Guzmán', 'Vargas', 'Roberto', 'roberto.guzman@example.com', '5556384726', 'GUVR830301HDFRRN08', '1983-03-01', 'M', 'GUVR830301XXX', 2),
('Ortega', 'Jiménez', 'Marta', 'marta.ortega@example.com', '5557263849', 'ORJM940607MDFRRN04', '1994-06-07', 'F', 'ORJM940607XXX', 2),
('Ruiz', 'Flores', 'Tomás', 'tomas.ruiz@example.com', '5558172948', 'RUFT820519HDFRRN07', '1982-05-19', 'M', 'RUFT820519XXX', 2),
('Maldonado', 'Gómez', 'Alicia', 'alicia.maldonado@example.com', '5559173649', 'MAGG890927MDFRRN02', '1989-09-27', 'F', 'MAGG890927XXX', 2);

-- Inserccion de usuarios que seran administrativos
INSERT INTO usuarios (apellido_paterno, apellido_materno, nombre, email, telefono, curp, fecha_nacimiento, genero, rfc, tipo_usuario)
VALUES
('García', 'López', 'Juan', 'juan.garcia@example.com', '5551234567', 'GALJ800101HDFLPN09', '1980-01-01', 'M', 'GALJ800101XXX', 1),
('Martínez', 'Hernández', 'María', 'maria.martinez@example.com', '5552345678', 'MAMM850202MDFRNN06', '1985-02-02', 'F', 'MAMM850202XXX', 1),
('Hernández', 'Ramírez', 'Luis', 'luis.hernandez@example.com', '5553456789', 'HERL920303HDFRMS02', '1992-03-03', 'M', 'HERL920303XXX', 1),
('Pérez', 'González', 'Ana', 'ana.perez@example.com', '5554567890', 'PEZA900404MDFRAN09', '1990-04-04', 'F', 'PEZA900404XXX', 1),
('Rodríguez', 'Jiménez', 'Carlos', 'carlos.rodriguez@example.com', '5555678901', 'RODC840505HDFJMR05', '1984-05-05', 'M', 'RODC840505XXX', 1),
('López', 'Torres', 'Laura', 'laura.lopez@example.com', '5556789012', 'LOPL750606MDFLRA07', '1975-06-06', 'F', 'LOPL750606XXX', 1),
('Sánchez', 'Mendoza', 'Jorge', 'jorge.sanchez@example.com', '5557890123', 'SAMJ880707HDFJRG01', '1988-07-07', 'M', 'SAMJ880707XXX', 1),
('Ramírez', 'Reyes', 'Fernanda', 'fernanda.ramirez@example.com', '5558901234', 'RARF920808MDFRNF05', '1992-08-08', 'F', 'RARF920808XXX', 1),
('González', 'Vásquez', 'Roberto', 'roberto.gonzalez@example.com', '5559012345', 'GOVR850909HDFZRS01', '1985-09-09', 'M', 'GOVR850909XXX', 1),
('Torres', 'Cruz', 'Patricia', 'patricia.torres@example.com', '5550123456', 'TOCP760610MDFPRA03', '1976-10-10', 'F', 'TOCP760610XXX', 1),
('Rojas', 'Salazar', 'Fernando', 'fernando.rojas@example.com', '5551234568', 'ROJF920711HDFRSN07', '1992-11-11', 'M', 'ROJF920711XXX', 1),
('Vásquez', 'Maldonado', 'Isabel', 'isabel.vasquez@example.com', '5552345679', 'VAMI880812MDFSBL09', '1988-12-12', 'F', 'VAMI880812XXX', 1),
('Jiménez', 'Medina', 'Eduardo', 'eduardo.jimenez@example.com', '5553456780', 'JIME840113HDFMDR02', '1984-01-13', 'M', 'JIME840113XXX', 1),
('Salazar', 'Martínez', 'Mónica', 'monica.salazar@example.com', '5554567891', 'SAMO900314MDFMTN01', '1990-03-14', 'F', 'SAMO900314XXX', 1),
('Cruz', 'Ramírez', 'Gabriel', 'gabriel.cruz@example.com', '5555678902', 'CRUG890415HDFRBG02', '1989-04-15', 'M', 'CRUG890415XXX', 1),
('Maldonado', 'Córdova', 'Teresa', 'teresa.maldonado@example.com', '5556789013', 'MACR760516MDFTRS05', '1976-05-16', 'F', 'MACR760516XXX', 1),
('Reyes', 'Rivas', 'Victor', 'victor.reyes@example.com', '5557890124', 'RERV950617HDFRVT01', '1995-06-17', 'M', 'RERV950617XXX', 1),
('Medina', 'Luna', 'Gloria', 'gloria.medina@example.com', '5558901235', 'MELG820718MDFGRA04', '1982-07-18', 'F', 'MELG820718XXX', 1),
('Córdova', 'Bermúdez', 'Raúl', 'raul.cordova@example.com', '5559012346', 'COER850819HDFRUL01', '1985-08-19', 'M', 'COER850819XXX', 1),
('Rivas', 'López', 'Julieta', 'julieta.rivas@example.com', '5550123457', 'RILJ910920MDFLPU05', '1991-09-20', 'F', 'RILJ910920XXX', 1),
('Bermúdez', 'Soto', 'Rafael', 'rafael.bermudez@example.com', '5551234569', 'BESR920821HDFMRF01', '1992-08-21', 'M', 'BESR920821XXX', 1),
('Luna', 'Hernández', 'Sandra', 'sandra.luna@example.com', '5552345670', 'LUHS810322MDFSRA01', '1981-03-22', 'F', 'LUHS810322XXX', 1),
('Soto', 'Morales', 'Javier', 'javier.soto@example.com', '5553456781', 'SOMJ970423HDFMRJ02', '1997-04-23', 'M', 'SOMJ970423XXX', 1),
('Morales', 'González', 'Susana', 'susana.morales@example.com', '5554567892', 'MOGS870524MDFSUS04', '1987-05-24', 'F', 'MOGS870524XXX', 1),
('García', 'Salas', 'Luis', 'luis.garcia@example.com', '5555678903', 'GASL920625HDFLUS05', '1992-06-25', 'M', 'GASL920625XXX', 1),
('Salas', 'Martínez', 'Marta', 'marta.salas@example.com', '5556789014', 'SAMM800726MDFMTM02', '1980-07-26', 'F', 'SAMM800726XXX', 1),
('Martínez', 'Morales', 'Hugo', 'hugo.martinez@example.com', '5557890125', 'MAMH890827HDFMUG01', '1989-08-27', 'M', 'MAMH890827XXX', 1),
('Morales', 'Pérez', 'Cecilia', 'cecilia.morales@example.com', '5558901236', 'MOPC900828MDFCEC01', '1990-08-28', 'F', 'MOPC900828XXX', 1),
('Pérez', 'López', 'Alberto', 'alberto.perez@example.com', '5559012347', 'PEAL920829HDFALB01', '1992-08-29', 'M', 'PEAL920829XXX', 1),
('López', 'Salazar', 'Verónica', 'veronica.lopez@example.com', '5550123458', 'LOPV820830MDFVER05', '1982-08-30', 'F', 'LOPV820830XXX', 1),
('Salazar', 'Rivas', 'Eduardo', 'eduardo.salazar@example.com', '5551234560', 'SARV910831HDFEDR01', '1991-08-31', 'M', 'SARV910831XXX', 1),
('Rivas', 'Luna', 'Patricia', 'patricia.rivas@example.com', '5552345671', 'RILP800901MDFPAT06', '1980-09-01', 'F', 'RILP800901XXX', 1),
('Luna', 'Martínez', 'Sergio', 'sergio.luna@example.com', '5553456782', 'LUMS850902HDFSER01', '1985-09-02', 'M', 'LUMS850902XXX', 1),
('Martínez', 'Cruz', 'Leticia', 'leticia.martinez@example.com', '5554567893', 'MALC900903MDFLET01', '1990-09-03', 'F', 'MALC900903XXX', 1),
('Cruz', 'Torres', 'Roberto', 'roberto.cruz@example.com', '5555678904', 'CRUR760904HDFRBO02', '1976-09-04', 'M', 'CRUR760904XXX', 1),
('Torres', 'Salas', 'Marisol', 'marisol.torres@example.com', '5556789015', 'TOMA810905MDFMAR05', '1981-09-05', 'F', 'TOMA810905XXX', 1),
('Salas', 'Jiménez', 'Alfonso', 'alfonso.salas@example.com', '5557890126', 'SAJA970906HDFALF01', '1997-09-06', 'M', 'SAJA970906XXX', 1),
('Jiménez', 'Maldonado', 'Carmen', 'carmen.jimenez@example.com', '5558901237', 'JIMC860907MDFCAR01', '1986-09-07', 'F', 'JIMC860907XXX', 1),
('Maldonado', 'Rojas', 'Guillermo', 'guillermo.maldonado@example.com', '5559012348', 'MARG850908HDFGIL01', '1985-09-08', 'M', 'MARG850908XXX', 1),
('Rojas', 'Hernández', 'Nora', 'nora.rojas@example.com', '5550123459', 'ROHN920909MDFNRA05', '1992-09-09', 'F', 'ROHN920909XXX', 1),
('Hernández', 'Vega', 'Sonia', 'sonia.hernandez@example.com', '5551234570', 'HEVS900101MDFHNO07', '1990-01-01', 'F', 'HEVS900101XXX', 1),
('Vega', 'González', 'Francisco', 'francisco.vega@example.com', '5552345681', 'VEGF840202HDFRNC03', '1984-02-02', 'M', 'VEGF840202XXX', 1),
('González', 'Ramos', 'Lucía', 'lucia.gonzalez@example.com', '5553456792', 'GORL920303MDFLCU04', '1992-03-03', 'F', 'GORL920303XXX', 1),
('Ramos', 'Castillo', 'Pablo', 'pablo.ramos@example.com', '5554567803', 'RACP850404HDFPBL01', '1985-04-04', 'M', 'RACP850404XXX', 1),
('Castillo', 'Sierra', 'Daniela', 'daniela.castillo@example.com', '5555678914', 'CASD920505MDFDAN01', '1992-05-05', 'F', 'CASD920505XXX', 1),
('Sierra', 'Cordero', 'Ricardo', 'ricardo.sierra@example.com', '5556789025', 'SIRR840606HDFRCD03', '1984-06-06', 'M', 'SIRR840606XXX', 1),
('Cordero', 'Delgado', 'Verónica', 'veronica.cordero@example.com', '5557890136', 'CODV920707MDFVER04', '1992-07-07', 'F', 'CODV920707XXX', 1),
('Delgado', 'Sánchez', 'Santiago', 'santiago.delgado@example.com', '5558901247', 'DESA850808HDFSNT02', '1985-08-08', 'M', 'DESA850808XXX', 1),
('Sánchez', 'Alonso', 'Claudia', 'claudia.sanchez@example.com', '5559012358', 'SAAC920909MDFCLA07', '1992-09-09', 'F', 'SAAC920909XXX', 1),
('Alonso', 'Ponce', 'Andrés', 'andres.alonso@example.com', '5550123469', 'ALPA850010HDFAND01', '1985-10-10', 'M', 'ALPA850010XXX', 1);

-- Inserccion de 50 usuarios que van a ser alumnos
INSERT INTO usuarios (id_usuarios, apellido_paterno, apellido_materno, nombre, email, telefono, curp, fecha_nacimiento, genero, rfc, tipo_usuario)
VALUES
(268, 'García', 'López', 'Juan', 'juan.garcia@example.com', '5551234567', 'GALJ800101HDFLPN00', '1980-01-01', 'M', 'GALJ800101123', 4),
(269, 'Martínez', 'Hernández', 'María', 'maria.martinez@example.com', '5552345678', 'MARM900202MDFNMR01', '1990-02-02', 'F', 'MARM900202321', 4),
(270, 'Pérez', 'González', 'Luis', 'luis.perez@example.com', '5553456789', 'PEGL780303HDFRNS04', '1978-03-03', 'M', 'PEGL780303456', 4),
(271, 'Sánchez', 'Ramírez', 'Ana', 'ana.sanchez@example.com', '5554567890', 'SARL940404MDFRMS05', '1994-04-04', 'F', 'SARL940404123', 4),
(272, 'Rodríguez', 'Díaz', 'Carlos', 'carlos.rodriguez@example.com', '5555678901', 'RODC850505HDFZNL06', '1985-05-05', 'M', 'RODC850505654', 4),
(273, 'Gómez', 'Jiménez', 'Lucía', 'lucia.gomez@example.com', '5556789012', 'GOJL960606MDFJMR07', '1996-06-06', 'F', 'GOJL960606987', 4),
(274, 'Morales', 'Torres', 'Andrés', 'andres.morales@example.com', '5557890123', 'MOTR770707HDFBRD08', '1977-07-07', 'M', 'MOTR770707234', 4),
(275, 'Hernández', 'Flores', 'Patricia', 'patricia.hernandez@example.com', '5558901234', 'HEFP880808MDFLRT09', '1988-08-08', 'F', 'HEFP880808543', 4),
(276, 'Jiménez', 'Vargas', 'Fernando', 'fernando.jimenez@example.com', '5559012345', 'JIVF890909HDFGNR10', '1989-09-09', 'M', 'JIVF890909654', 4),
(277, 'Ríos', 'Cruz', 'Isabel', 'isabel.rios@example.com', '5560123456', 'RICI950101MDFLBS11', '1995-01-01', 'F', 'RICI950101123', 4),
(278, 'Cordero', 'Soto', 'Jorge', 'jorge.cordero@example.com', '5561234567', 'COSJ900202HDFRTS12', '1990-02-02', 'M', 'COSJ900202456', 4),
(279, 'Castillo', 'Núñez', 'Valeria', 'valeria.castillo@example.com', '5562345678', 'CANV870303MDFBRS13', '1987-03-03', 'F', 'CANV870303789', 4),
(280, 'Vega', 'Salazar', 'Diego', 'diego.vega@example.com', '5563456789', 'VESD940404HDFLNZ14', '1994-04-04', 'M', 'VESD940404321', 4),
(281, 'Aguilar', 'Mendoza', 'Sofía', 'sofia.aguilar@example.com', '5564567890', 'AGMS920505MDFLSR15', '1992-05-05', 'F', 'AGMS920505654', 4),
(282, 'Torres', 'García', 'Raúl', 'raul.torres@example.com', '5565678901', 'TOGR850606HDFQRM16', '1985-06-06', 'M', 'TOGR850606432', 4),
(283, 'Ramírez', 'Santiago', 'Gabriela', 'gabriela.ramirez@example.com', '5566789012', 'RASG880707MDFRBL17', '1988-07-07', 'F', 'RASG880707789', 4),
(284, 'Cruz', 'Ortega', 'Ricardo', 'ricardo.cruz@example.com', '5567890123', 'CUOR900808HDFMTN18', '1990-08-08', 'M', 'CUOR900808321', 4),
(285, 'Flores', 'Pérez', 'Claudia', 'claudia.flores@example.com', '5568901234', 'FLPC850909MDFCTH19', '1985-09-09', 'F', 'FLPC850909543', 4),
(286, 'Moreno', 'Vasquez', 'Juanita', 'juanita.moreno@example.com', '5569012345', 'MOVA940101HDFJSM20', '1994-01-01', 'F', 'MOVA940101123', 4),
(287, 'Nava', 'Acosta', 'Eduardo', 'eduardo.nava@example.com', '5570123456', 'NAAE920202HDFQRO21', '1992-02-02', 'M', 'NAAE920202456', 4),
(288, 'Soto', 'Morales', 'Teresa', 'teresa.soto@example.com', '5571234567', 'SOMT890303HDFPLN22', '1989-03-03', 'F', 'SOMT890303987', 4),
(289, 'Alvarado', 'López', 'Esteban', 'esteban.alvarado@example.com', '5572345678', 'ALOE850404HDFJNW23', '1985-04-04', 'M', 'ALOE850404654', 4),
(290, 'Valdez', 'González', 'Adriana', 'adriana.valdez@example.com', '5573456789', 'VAGL880505MDFBRT24', '1988-05-05', 'F', 'VAGL880505543', 4),
(291, 'Salinas', 'Ríos', 'Mario', 'mario.salinas@example.com', '5574567890', 'SARM770606HDFBRN25', '1977-06-06', 'M', 'SARM770606789', 4),
(292, 'Rangel', 'Hernández', 'Mónica', 'monica.rangel@example.com', '5575678901', 'RAHM940707MDFCNM26', '1994-07-07', 'F', 'RAHM940707654', 4),
(293, 'Pacheco', 'Aguilar', 'Ángel', 'angel.pacheco@example.com', '5576789012', 'PACG850808HDFGTT27', '1985-08-08', 'M', 'PACG850808321', 4),
(294, 'Ceballos', 'Serrano', 'Cecilia', 'cecilia.ceballos@example.com', '5577890123', 'CESE920909HDFPSY28', '1992-09-09', 'F', 'CESE920909987', 4),
(295, 'Olivares', 'Romero', 'Horacio', 'horacio.olivares@example.com', '5578901234', 'OLRH870101HDFMTR29', '1987-01-01', 'M', 'OLRH870101234', 4),
(296, 'Palacios', 'Salinas', 'Natalia', 'natalia.palacios@example.com', '5579012345', 'PASN900202HDFNLM30', '1990-02-02', 'F', 'PASN900202321', 4),
(297, 'González', 'Espinosa', 'Fernando', 'fernando.gonzalez@example.com', '5580123456', 'GOEF910303HDFBSP31', '1991-03-03', 'M', 'GOEF910303654', 4),
(298, 'Cordero', 'Salazar', 'Yolanda', 'yolanda.cordero@example.com', '5581234567', 'COSY920404MDFTSP32', '1992-04-04', 'F', 'COSY920404987', 4),
(299, 'Marín', 'Hernández', 'Francisco', 'francisco.marin@example.com', '5582345678', 'MAHF940505HDFRBN33', '1994-05-05', 'M', 'MAHF940505123', 4),
(300, 'Aguilar', 'García', 'Gabriel', 'gabriel.aguilar@example.com', '5583456789', 'AGGG940606HDFHGT34', '1994-06-06', 'M', 'AGGG940606987', 4),
(301, 'González', 'Morales', 'Pamela', 'pamela.gonzalez@example.com', '5584567890', 'GOML950707MDFBRQ35', '1995-07-07', 'F', 'GOML950707234', 4),
(302, 'Salas', 'Torres', 'Omar', 'omar.salas@example.com', '5585678901', 'SATM910808HDFBQT36', '1991-08-08', 'M', 'SATM910808654', 4),
(303, 'Ponce', 'Cruz', 'Patricia', 'patricia.ponce@example.com', '5586789012', 'POCP890909HDFLPQ37', '1989-09-09', 'F', 'POCP890909123', 4),
(304, 'Núñez', 'Rodríguez', 'Santiago', 'santiago.nunez@example.com', '5587890123', 'NURS860101HDFGNH38', '1986-01-01', 'M', 'NURS860101789', 4),
(305, 'Cisneros', 'Castillo', 'Silvia', 'silvia.cisneros@example.com', '5588901234', 'CISI940202MDFNLP39', '1994-02-02', 'F', 'CISI940202456', 4),
(306, 'Vargas', 'Sánchez', 'Ángel', 'angel.vargas@example.com', '5589012345', 'VASG880303HDFBRH40', '1988-03-03', 'M', 'VASG880303654', 4),
(307, 'Estrada', 'Mendoza', 'Karla', 'karla.estrada@example.com', '5590123456', 'EMKA870404MDFRSR41', '1987-04-04', 'F', 'EMKA870404321', 4),
(308, 'Sáenz', 'Vázquez', 'Ricardo', 'ricardo.saenz@example.com', '5591234567', 'SAVR860505HDFQNL42', '1986-05-05', 'M', 'SAVR860505789', 4),
(309, 'Barrios', 'Hernández', 'Vanessa', 'vanessa.barrios@example.com', '5592345678', 'BAHV900606MDFQNM43', '1990-06-06', 'F', 'BAHV900606456', 4),
(310, 'Villalobos', 'Salinas', 'Alberto', 'alberto.villalobos@example.com', '5593456789', 'VISA870707HDFBRM44', '1987-07-07', 'M', 'VISA870707987', 4),
(311, 'Beltrán', 'González', 'Rocío', 'rocio.beltran@example.com', '5594567890', 'BEGR940808MDFNQR45', '1994-08-08', 'F', 'BEGR940808321', 4),
(312, 'Marroquín', 'Serrano', 'Iván', 'ivan.marroquin@example.com', '5595678901', 'MASI890909HDFGTF46', '1989-09-09', 'M', 'MASI890909654', 4),
(313, 'Salazar', 'Ríos', 'Miranda', 'miranda.salazar@example.com', '5596789012', 'SARM940101MDFFRR47', '1994-01-01', 'F', 'SARM940101987', 4),
(314, 'Sandoval', 'Hernández', 'Alejandro', 'alejandro.sandoval@example.com', '5597890123', 'SAHA910202HDFNLJ48', '1991-02-02', 'M', 'SAHA910202654', 4),
(315, 'Alcántara', 'Cordero', 'Jessica', 'jessica.alcantara@example.com', '5598901234', 'ALCJ920303MDFCZR49', '1992-03-03', 'F', 'ALCJ920303321', 4),
(316, 'Castillo', 'Torres', 'Pablo', 'pablo.castillo@example.com', '5599012345', 'CATP860404HDFBRM50', '1986-04-04', 'M', 'CATP860404987', 4),
(317, 'Morales', 'Gutiérrez', 'Javier', 'javier.morales@example.com', '5556789012', 'MOGJ800101HDFLRR08', '1980-01-01', 'M', 'MOGJ800101HDF', 4);

-- Inserccion de 50 usuarios que seran padres
INSERT INTO usuarios (apellido_paterno, apellido_materno, nombre, email, telefono, curp, fecha_nacimiento, genero, rfc, tipo_usuario) VALUES
('García', 'López', 'Juan', 'juan.garcia@mail.com', '555-1234', 'GALO900101HDFRRL01', '1990-01-01', 'M', 'GALO9001011R1', 3),
('Pérez', 'Martínez', 'María', 'maria.perez@mail.com', '555-5678', 'PEMA910202MDFMRT02', '1991-02-02', 'F', 'PEMA9102021R2', 3),
('Hernández', 'Gómez', 'Luis', 'luis.hernandez@mail.com', '555-8765', 'HEGL920303HDFGRZ03', '1992-03-03', 'M', 'HEGL9203031R3', 3),
('Luna', 'Fernández', 'Ana', 'ana.luna@mail.com', '555-4321', 'LUFE930404MDFLNR04', '1993-04-04', 'F', 'LUFE9304041R4', 3),
('Ramírez', 'Sánchez', 'Carlos', 'carlos.ramirez@mail.com', '555-6789', 'RASA940505HDFRSC05', '1994-05-05', 'M', 'RASA9405051R5', 3),
('Díaz', 'Morales', 'Gabriela', 'gabriela.diaz@mail.com', '555-1357', 'DIMOG950606MDFMRA06', '1995-06-06', 'F', 'DIMOG9506061R6', 3),
('Mendoza', 'Ruiz', 'Fernando', 'fernando.mendoza@mail.com', '555-9753', 'MERF960707HDFMNR07', '1996-07-07', 'M', 'MERF9607071R7', 3),
('Ortiz', 'Torres', 'Laura', 'laura.ortiz@mail.com', '555-2468', 'ORTL970808MDFTRS08', '1997-08-08', 'F', 'ORTL9708081R8', 3),
('Chávez', 'Vargas', 'Jorge', 'jorge.chavez@mail.com', '555-8642', 'CHVJ980909HDFVGR09', '1998-09-09', 'M', 'CHVJ9809091R9', 3),
('Reyes', 'Cruz', 'Daniela', 'daniela.reyes@mail.com', '555-3579', 'RECD990101MDFCRS10', '1999-01-01', 'F', 'RECD9901011R0', 3),
('Ramos', 'Fuentes', 'Diego', 'diego.ramos@mail.com', '555-7531', 'RAFUD000202HDFNTS11', '2000-02-02', 'M', 'RAFUD0002021R1', 3),
('Vega', 'Molina', 'Andrea', 'andrea.vega@mail.com', '555-1593', 'VEMA010303MDFMNA12', '2001-03-03', 'F', 'VEMA0103031R2', 3),
('Gómez', 'Ávila', 'José', 'jose.gomez@mail.com', '555-9517', 'GOAJ020404HDFMVA13', '2002-04-04', 'M', 'GOAJ0204041R3', 3),
('Santos', 'Lara', 'Paola', 'paola.santos@mail.com', '555-2864', 'SAPA030505MDFLRA14', '2003-05-05', 'F', 'SAPA0305051R4', 3),
('Molina', 'Flores', 'Pablo', 'pablo.molina@mail.com', '555-4682', 'MOFP040606HDFLFR15', '2004-06-06', 'M', 'MOFP0406061R5', 3),
('Morales', 'Escobar', 'Liliana', 'liliana.morales@mail.com', '555-8426', 'MOEL050707MDFESL16', '2005-07-07', 'F', 'MOEL0507071R6', 3),
('Ibarra', 'Ríos', 'David', 'david.ibarra@mail.com', '555-6248', 'IBRD060808HDFRRS17', '2006-08-08', 'M', 'IBRD0608081R7', 3),
('Aguilar', 'Ramírez', 'Rosa', 'rosa.aguilar@mail.com', '555-7135', 'AGRR070909MDFRMZ18', '2007-09-09', 'F', 'AGRR0709091R8', 3),
('Pineda', 'Navarro', 'Felipe', 'felipe.pineda@mail.com', '555-3517', 'PINF080101HDFNVR19', '2008-01-01', 'M', 'PINF0801011R9', 3),
('Villalobos', 'Jiménez', 'Karen', 'karen.villalobos@mail.com', '555-1358', 'VIJK090202MDFLMZ20', '2009-02-02', 'F', 'VIJK0902021R0', 3),
('Galván', 'Alvarado', 'Miguel', 'miguel.galvan@mail.com', '555-9764', 'GAMM100303HDFLVR21', '2010-03-03', 'M', 'GAMM1003031R1', 3),
('Escobar', 'Salazar', 'Lucía', 'lucia.escobar@mail.com', '555-1597', 'ESLL110404MDFLZR22', '2011-04-04', 'F', 'ESLL1104041R2', 3),
('Cortés', 'Blanco', 'Carlos', 'carlos.cortes@mail.com', '555-2684', 'COBC120505HDFLNC23', '2012-05-05', 'M', 'COBC1205051R3', 3),
('Serrano', 'Castillo', 'Iván', 'ivan.serrano@mail.com', '555-8537', 'SECI130606HDFCSR24', '2013-06-06', 'M', 'SECI1306061R4', 3),
('Montoya', 'Ortiz', 'Julia', 'julia.montoya@mail.com', '555-3146', 'MOJU140707MDFNTS25', '2014-07-07', 'F', 'MOJU1407071R5', 3),
('Vargas', 'Martínez', 'Oscar', 'oscar.vargas@mail.com', '555-7894', 'VAMA150808HDFMRS26', '2015-08-08', 'M', 'VAMA1508081R6', 3),
('López', 'Cabrera', 'Sandra', 'sandra.lopez@mail.com', '555-3578', 'LOCS160909MDFCBR27', '2016-09-09', 'F', 'LOCS1609091R7', 3),
('Ramírez', 'Estrada', 'Luis', 'luis.ramirez@mail.com', '555-7539', 'RAEL170101HDFSTR28', '2017-01-01', 'M', 'RAEL1701011R8', 3),
('González', 'Valdez', 'Alma', 'alma.gonzalez@mail.com', '555-4628', 'GOAL180202MDFLDS29', '2018-02-02', 'F', 'GOAL1802021R9', 3),
('Flores', 'Galindo', 'Manuel', 'manuel.flores@mail.com', '555-9367', 'FLGM190303HDFGLN30', '2019-03-03', 'M', 'FLGM1903031R0', 3),
('Navarro', 'Quintana', 'Isabel', 'isabel.navarro@mail.com', '555-1597', 'NAQI200404MDFQNA31', '2020-04-04', 'F', 'NAQI2004041R1', 3),
('Cárdenas', 'Soto', 'José', 'jose.cardenas@mail.com', '555-8753', 'CASJ210505HDFSOT32', '2021-05-05', 'M', 'CASJ2105051R2', 3),
('Arriaga', 'Hernández', 'Marcos', 'marcos.arriaga@mail.com', '555-3684', 'ARHM220606HDFNTR33', '2022-06-06', 'M', 'ARHM2206061R3', 3),
('Torres', 'Olvera', 'Susana', 'susana.torres@mail.com', '555-4862', 'TROS230707MDFOLR34', '2023-07-07', 'F', 'TROS2307071R4', 3),
('Márquez', 'Salinas', 'Fernando', 'fernando.marquez@mail.com', '555-8246', 'MASF240808HDFSAL35', '2024-08-08', 'M', 'MASF2408081R5', 3),
('Ríos', 'Vásquez', 'Estela', 'estela.rios@mail.com', '555-2648', 'RIVA250909MDFVQS36', '2025-09-09', 'F', 'RIVA2509091R6', 3),
('Méndez', 'Vega', 'César', 'cesar.mendez@mail.com', '555-7135', 'MEVC260101HDFVGZ37', '2026-01-01', 'M', 'MEVC2601011R7', 3),
('Ortiz', 'Pacheco', 'Verónica', 'veronica.ortiz@mail.com', '555-3517', 'ORPV270202MDFPCO38', '2027-02-02', 'F', 'ORPV2702021R8', 3),
('Núñez', 'Reyes', 'Javier', 'javier.nunez@mail.com', '555-1358', 'NURJ280303HDFRYS39', '2028-03-03', 'M', 'NURJ2803031R9', 3),
('Rosales', 'Aranda', 'Marta', 'marta.rosales@mail.com', '555-9764', 'ROAM290404MDFRND40', '2029-04-04', 'F', 'ROAM2904041R0', 3),
('Vázquez', 'Ortega', 'Sergio', 'sergio.vazquez@mail.com', '555-1597', 'VAOS300505HDFTRG41', '2030-05-05', 'M', 'VAOS3005051R1', 3),
('Guerra', 'Montes', 'Juliana', 'juliana.guerra@mail.com', '555-2684', 'GUMJ310606MDFMNS42', '2031-06-06', 'F', 'GUMJ3106061R2', 3),
('Solís', 'Peña', 'Adrián', 'adrian.solis@mail.com', '555-8537', 'SOPA320707HDFPNA43', '2032-07-07', 'M', 'SOPA3207071R3', 3),
('Valencia', 'Pérez', 'Laura', 'laura.valencia@mail.com', '555-3146', 'VAPE330808MDFLRS44', '2033-08-08', 'F', 'VAPE3308081R4', 3),
('Herrera', 'Nieves', 'Miguel', 'miguel.herrera@mail.com', '555-7894', 'HENM340909HDFNVZ45', '2034-09-09', 'M', 'HENM3409091R5', 3),
('Escobedo', 'Cruz', 'Camila', 'camila.escobedo@mail.com', '555-3578', 'ESCC350101MDFCRS46', '2035-01-01', 'F', 'ESCC3501011R6', 3),
('Jiménez', 'Gutiérrez', 'David', 'david.jimenez@mail.com', '555-7539', 'JIGD360202HDFGTS47', '2036-02-02', 'M', 'JIGD3602021R7', 3),
('Fuentes', 'Alarcón', 'Iván', 'ivan.fuentes@mail.com', '555-4628', 'FUAI370303HDFLCN48', '2037-03-03', 'M', 'FUAI3703031R8', 3),
('Bautista', 'Pineda', 'Luisa', 'luisa.bautista@mail.com', '555-9367', 'BAPL380404MDFPND49', '2038-04-04', 'F', 'BAPL3804041R9', 3),
('Tovar', 'Estrada', 'Enrique', 'enrique.tovar@mail.com', '555-1597', 'TOEE390505HDFEST50', '2039-05-05', 'M', 'TOEE3905051R0', 3);


-- Inserccion de 50 alumnos
INSERT INTO alumnos (id_alumno, id_usuario, matricula, grupo, grado, fecha_ingreso, historial_academico, acta_nacimiento, escuela_procedencia, generacion_escolar) VALUES
(1, 268, '2023-0001', 'A', '1°', '2023-08-15', 'Promedio: 9.0', 'Acta_268.pdf', 'Escuela Primaria ABC', 'Generación 2023'),
(2, 269, '2023-0002', 'B', '1°', '2023-08-15', 'Promedio: 8.5', 'Acta_269.pdf', 'Escuela Primaria DEF', 'Generación 2023'),
(3, 270, '2023-0003', 'A', '1°', '2023-08-15', 'Promedio: 9.5', 'Acta_270.pdf', 'Escuela Primaria GHI', 'Generación 2023'),
(4, 271, '2023-0004', 'C', '1°', '2023-08-15', 'Promedio: 7.5', 'Acta_271.pdf', 'Escuela Primaria JKL', 'Generación 2023'),
(5, 272, '2023-0005', 'B', '1°', '2023-08-15', 'Promedio: 8.0', 'Acta_272.pdf', 'Escuela Primaria MNO', 'Generación 2023'),
(6, 273, '2023-0006', 'A', '1°', '2023-08-15', 'Promedio: 9.2', 'Acta_273.pdf', 'Escuela Primaria PQR', 'Generación 2023'),
(7, 274, '2023-0007', 'C', '1°', '2023-08-15', 'Promedio: 6.8', 'Acta_274.pdf', 'Escuela Primaria STU', 'Generación 2023'),
(8, 275, '2023-0008', 'B', '1°', '2023-08-15', 'Promedio: 8.3', 'Acta_275.pdf', 'Escuela Primaria VWX', 'Generación 2023'),
(9, 276, '2023-0009', 'A', '1°', '2023-08-15', 'Promedio: 9.1', 'Acta_276.pdf', 'Escuela Primaria YZA', 'Generación 2023'),
(10, 277, '2023-0010', 'C', '1°', '2023-08-15', 'Promedio: 7.0', 'Acta_277.pdf', 'Escuela Primaria BCD', 'Generación 2023'),
(11, 278, '2023-0011', 'A', '2°', '2023-08-15', 'Promedio: 8.7', 'Acta_278.pdf', 'Escuela Primaria EFG', 'Generación 2023'),
(12, 279, '2023-0012', 'B', '2°', '2023-08-15', 'Promedio: 9.4', 'Acta_279.pdf', 'Escuela Primaria HIJ', 'Generación 2023'),
(13, 280, '2023-0013', 'C', '2°', '2023-08-15', 'Promedio: 7.8', 'Acta_280.pdf', 'Escuela Primaria KLM', 'Generación 2023'),
(14, 281, '2023-0014', 'A', '2°', '2023-08-15', 'Promedio: 8.1', 'Acta_281.pdf', 'Escuela Primaria NOP', 'Generación 2023'),
(15, 282, '2023-0015', 'B', '2°', '2023-08-15', 'Promedio: 9.0', 'Acta_282.pdf', 'Escuela Primaria QRS', 'Generación 2023'),
(16, 283, '2023-0016', 'C', '2°', '2023-08-15', 'Promedio: 8.5', 'Acta_283.pdf', 'Escuela Primaria TUV', 'Generación 2023'),
(17, 284, '2023-0017', 'A', '2°', '2023-08-15', 'Promedio: 9.3', 'Acta_284.pdf', 'Escuela Primaria WXY', 'Generación 2023'),
(18, 285, '2023-0018', 'B', '2°', '2023-08-15', 'Promedio: 7.2', 'Acta_285.pdf', 'Escuela Primaria ZAB', 'Generación 2023'),
(19, 286, '2023-0019', 'C', '2°', '2023-08-15', 'Promedio: 6.5', 'Acta_286.pdf', 'Escuela Primaria CDE', 'Generación 2023'),
(20, 287, '2023-0020', 'A', '3°', '2023-08-15', 'Promedio: 8.6', 'Acta_287.pdf', 'Escuela Primaria FGH', 'Generación 2023'),
(21, 288, '2023-0021', 'B', '3°', '2023-08-15', 'Promedio: 9.5', 'Acta_288.pdf', 'Escuela Primaria IJK', 'Generación 2023'),
(22, 289, '2023-0022', 'C', '3°', '2023-08-15', 'Promedio: 8.2', 'Acta_289.pdf', 'Escuela Primaria LMN', 'Generación 2023'),
(23, 290, '2023-0023', 'A', '3°', '2023-08-15', 'Promedio: 7.9', 'Acta_290.pdf', 'Escuela Primaria OPQ', 'Generación 2023'),
(24, 291, '2023-0024', 'B', '3°', '2023-08-15', 'Promedio: 9.1', 'Acta_291.pdf', 'Escuela Primaria RST', 'Generación 2023'),
(25, 292, '2023-0025', 'C', '3°', '2023-08-15', 'Promedio: 8.0', 'Acta_292.pdf', 'Escuela Primaria UVW', 'Generación 2023'),
(26, 293, '2023-0026', 'A', '3°', '2023-08-15', 'Promedio: 9.4', 'Acta_293.pdf', 'Escuela Primaria XYZ', 'Generación 2023'),
(27, 294, '2023-0027', 'B', '3°', '2023-08-15', 'Promedio: 7.4', 'Acta_294.pdf', 'Escuela Primaria ABC', 'Generación 2023'),
(28, 295, '2023-0028', 'C', '3°', '2023-08-15', 'Promedio: 8.3', 'Acta_295.pdf', 'Escuela Primaria DEF', 'Generación 2023'),
(29, 296, '2023-0029', 'A', '4°', '2023-08-15', 'Promedio: 9.0', 'Acta_296.pdf', 'Escuela Primaria GHI', 'Generación 2023'),
(30, 297, '2023-0030', 'B', '4°', '2023-08-15', 'Promedio: 8.5', 'Acta_297.pdf', 'Escuela Primaria JKL', 'Generación 2023'),
(31, 298, '2023-0031', 'C', '4°', '2023-08-15', 'Promedio: 7.8', 'Acta_298.pdf', 'Escuela Primaria MNO', 'Generación 2023'),
(32, 299, '2023-0032', 'A', '4°', '2023-08-15', 'Promedio: 9.1', 'Acta_299.pdf', 'Escuela Primaria PQR', 'Generación 2023'),
(33, 300, '2023-0033', 'B', '4°', '2023-08-15', 'Promedio: 8.7', 'Acta_300.pdf', 'Escuela Primaria STU', 'Generación 2023'),
(34, 301, '2023-0034', 'C', '4°', '2023-08-15', 'Promedio: 7.3', 'Acta_301.pdf', 'Escuela Primaria VWX', 'Generación 2023'),
(35, 302, '2023-0035', 'A', '4°', '2023-08-15', 'Promedio: 8.9', 'Acta_302.pdf', 'Escuela Primaria YZA', 'Generación 2023'),
(36, 303, '2023-0036', 'B', '4°', '2023-08-15', 'Promedio: 9.2', 'Acta_303.pdf', 'Escuela Primaria BCD', 'Generación 2023'),
(37, 304, '2023-0037', 'C', '4°', '2023-08-15', 'Promedio: 8.1', 'Acta_304.pdf', 'Escuela Primaria EFG', 'Generación 2023'),
(38, 305, '2023-0038', 'A', '4°', '2023-08-15', 'Promedio: 9.0', 'Acta_305.pdf', 'Escuela Primaria HIJ', 'Generación 2023'),
(39, 306, '2023-0039', 'B', '4°', '2023-08-15', 'Promedio: 7.5', 'Acta_306.pdf', 'Escuela Primaria KLM', 'Generación 2023'),
(40, 307, '2023-0040', 'C', '4°', '2023-08-15', 'Promedio: 8.2', 'Acta_307.pdf', 'Escuela Primaria NOP', 'Generación 2023'),
(41, 308, '2023-0041', 'A', '5°', '2023-08-15', 'Promedio: 9.4', 'Acta_308.pdf', 'Escuela Primaria QRS', 'Generación 2023'),
(42, 309, '2023-0042', 'B', '5°', '2023-08-15', 'Promedio: 8.3', 'Acta_309.pdf', 'Escuela Primaria TUV', 'Generación 2023'),
(43, 310, '2023-0043', 'C', '5°', '2023-08-15', 'Promedio: 7.7', 'Acta_310.pdf', 'Escuela Primaria WXY', 'Generación 2023'),
(44, 311, '2023-0044', 'A', '5°', '2023-08-15', 'Promedio: 8.6', 'Acta_311.pdf', 'Escuela Primaria ZAB', 'Generación 2023'),
(45, 312, '2023-0045', 'B', '5°', '2023-08-15', 'Promedio: 9.1', 'Acta_312.pdf', 'Escuela Primaria CDE', 'Generación 2023'),
(46, 313, '2023-0046', 'C', '5°', '2023-08-15', 'Promedio: 8.0', 'Acta_313.pdf', 'Escuela Primaria FGH', 'Generación 2023'),
(47, 314, '2023-0047', 'A', '5°', '2023-08-15', 'Promedio: 9.3', 'Acta_314.pdf', 'Escuela Primaria IJK', 'Generación 2023'),
(48, 315, '2023-0048', 'B', '5°', '2023-08-15', 'Promedio: 7.9', 'Acta_315.pdf', 'Escuela Primaria LMN', 'Generación 2023'),
(49, 316, '2023-0049', 'C', '5°', '2023-08-15', 'Promedio: 8.8', 'Acta_316.pdf', 'Escuela Primaria OPQ', 'Generación 2023'),
(50, 317, '2023-0050', 'A', '5°', '2023-08-15', 'Promedio: 9.5', 'Acta_317.pdf', 'Escuela Primaria RST', 'Generación 2023');


-- inserccion de 50 docentes
INSERT INTO docentes (id_usuario, grado_academico, numero_cedula, grado_impartido, rfc, nss, fecha_ingreso)
VALUES 
(168, 'Licenciatura en Matemáticas', '1234567890', 'Primaria', 'ZAGA820715XXX', '98765432101', '2015-08-01'),
(169, 'Maestría en Educación', '0987654321', 'Secundaria', 'NARE900104XXX', '98765432102', '2016-09-15'),
(170, 'Licenciatura en Historia', '1122334455', 'Preparatoria', 'OLSF850922XXX', '98765432103', '2014-05-10'),
(171, 'Doctorado en Filosofía', '5566778899', 'Universidad', 'SAHP930610XXX', '98765432104', '2012-01-20'),
(172, 'Licenciatura en Física', '6677889900', 'Secundaria', 'VAPG860414XXX', '98765432105', '2018-03-30'),
(173, 'Maestría en Química', '7788990011', 'Preparatoria', 'CAOS900918XXX', '98765432106', '2011-06-12'),
(174, 'Licenciatura en Biología', '8899001122', 'Secundaria', 'GUVR830301XXX', '98765432107', '2013-11-18'),
(175, 'Doctorado en Educación', '9900112233', 'Universidad', 'ORJM940607XXX', '98765432108', '2017-07-01'),
(176, 'Licenciatura en Ingeniería', '1234432112', 'Preparatoria', 'RUFT820519XXX', '98765432109', '2010-04-15'),
(177, 'Maestría en Psicología', '2344321123', 'Secundaria', 'MAGG890927XXX', '98765432110', '2019-09-21'),
(178, 'Licenciatura', 'Cédula_001', 'Primaria', 'CORB850705XXX', 'NSS_001', '2024-01-01'),
(179, 'Licenciatura', 'Cédula_002', 'Primaria', 'ESMJ760314XXX', 'NSS_002', '2024-01-01'),
(180, 'Licenciatura', 'Cédula_003', 'Secundaria', 'LURV930612XXX', 'NSS_003', '2024-01-01'),
(181, 'Licenciatura', 'Cédula_004', 'Secundaria', 'PECR850923XXX', 'NSS_004', '2024-01-01'),
(182, 'Licenciatura', 'Cédula_005', 'Primaria', 'HEGM920402XXX', 'NSS_005', '2024-01-01'),
(183, 'Licenciatura', 'Cédula_006', 'Secundaria', 'SEVC800712XXX', 'NSS_006', '2024-01-01'),
(184, 'Licenciatura', 'Cédula_007', 'Primaria', 'RIGP900811XXX', 'NSS_007', '2024-01-01'),
(185, 'Licenciatura', 'Cédula_008', 'Primaria', 'MEFA820918XXX', 'NSS_008', '2024-01-01'),
(186, 'Licenciatura', 'Cédula_009', 'Secundaria', 'ORPL930103XXX', 'NSS_009', '2024-01-01'),
(187, 'Licenciatura', 'Cédula_010', 'Secundaria', 'ROSA830206XXX', 'NSS_010', '2024-01-01'),
(188, 'Licenciatura', 'Cédula_011', 'Primaria', 'LOMC910815XXX', 'NSS_011', '2024-01-01'),
(189, 'Licenciatura', 'Cédula_012', 'Secundaria', 'ESDD870912XXX', 'NSS_012', '2024-01-01'),
(190, 'Licenciatura', 'Cédula_013', 'Primaria', 'CAHG960411XXX', 'NSS_013', '2024-01-01'),
(191, 'Licenciatura', 'Cédula_014', 'Secundaria', 'MOSR850409XXX', 'NSS_014', '2024-01-01'),
(192, 'Licenciatura', 'Cédula_015', 'Primaria', 'JUND930225XXX', 'NSS_015', '2024-01-01'),
(193, 'Licenciatura', 'Cédula_016', 'Primaria', 'VALP850810XXX', 'NSS_016', '2024-01-01'),
(194, 'Licenciatura', 'Cédula_017', 'Secundaria', 'RAFA920308XXX', 'NSS_017', '2024-01-01'),
(195, 'Licenciatura', 'Cédula_018', 'Primaria', 'LEMA890620XXX', 'NSS_018', '2024-01-01'),
(196, 'Licenciatura', 'Cédula_019', 'Secundaria', 'VIDL880511XXX', 'NSS_019', '2024-01-01'),
(197, 'Licenciatura', 'Cédula_020', 'Primaria', 'BAMC850723XXX', 'NSS_020', '2024-01-01'),
(198, 'Licenciatura', 'Cédula_021', 'Primaria', 'HELM860202XXX', 'NSS_021', '2024-01-01'),
(199, 'Licenciatura', 'Cédula_022', 'Secundaria', 'RITA800315XXX', 'NSS_022', '2024-01-01'),
(200, 'Licenciatura', 'Cédula_023', 'Primaria', 'GUST920412XXX', 'NSS_023', '2024-01-01'),
(201, 'Licenciatura', 'Cédula_024', 'Secundaria', 'PENA851124XXX', 'NSS_024', '2024-01-01'),
(202, 'Licenciatura', 'Cédula_025', 'Primaria', 'HESP930215XXX', 'NSS_025', '2024-01-01'),
(203, 'Licenciatura', 'Cédula_026', 'Secundaria', 'MARO820701XXX', 'NSS_026', '2024-01-01'),
(204, 'Licenciatura', 'Cédula_027', 'Primaria', 'LOMZ990928XXX', 'NSS_027', '2024-01-01'),
(205, 'Licenciatura', 'Cédula_028', 'Primaria', 'TLOV920814XXX', 'NSS_028', '2024-01-01'),
(206, 'Licenciatura', 'Cédula_029', 'Secundaria', 'CHAU780525XXX', 'NSS_029', '2024-01-01'),
(207, 'Licenciatura', 'Cédula_030', 'Secundaria', 'ALME840613XXX', 'NSS_030', '2024-01-01'),
(208, 'Licenciatura', 'Cédula_031', 'Primaria', 'VENF890711XXX', 'NSS_031', '2024-01-01'),
(209, 'Licenciatura', 'Cédula_032', 'Secundaria', 'COFL870417XXX', 'NSS_032', '2024-01-01'),
(210, 'Licenciatura', 'Cédula_033', 'Primaria', 'POJO950206XXX', 'NSS_033', '2024-01-01'),
(211, 'Licenciatura', 'Cédula_034', 'Secundaria', 'MERC800319XXX', 'NSS_034', '2024-01-01'),
(212, 'Licenciatura', 'Cédula_035', 'Primaria', 'HOPG870820XXX', 'NSS_035', '2024-01-01'),
(213, 'Licenciatura', 'Cédula_036', 'Primaria', 'PIZA970511XXX', 'NSS_036', '2024-01-01'),
(214, 'Licenciatura', 'Cédula_037', 'Secundaria', 'FERR850428XXX', 'NSS_037', '2024-01-01'),
(215, 'Licenciatura', 'Cédula_038', 'Primaria', 'ZULE870614XXX', 'NSS_038', '2024-01-01'),
(216, 'Licenciatura', 'Cédula_039', 'Secundaria', 'AGUS900404XXX', 'NSS_039', '2024-01-01'),
(217, 'Licenciatura', 'Cédula_040', 'Primaria', 'GAVI990928XXX', 'NSS_040', '2024-01-01');

-- Inserccion de 50 administrativos
INSERT INTO administrativos (id_usuario, puesto, grado_academico, numero_cedula, salario, nss, experiencia_laboral)
VALUES
(218, 'Gerente de Recursos Humanos', 'Licenciatura en Psicología', '123456789', 35000.00, '123-45-6789', 'Más de 5 años en recursos humanos.'),
(219, 'Coordinador de Proyectos', 'Ingeniería Industrial', '987654321', 45000.00, '987-65-4321', 'Gestión de proyectos en el sector tecnológico.'),
(220, 'Analista Financiero', 'Licenciatura en Finanzas', '112233445', 40000.00, '123-12-1234', 'Experiencia en análisis de estados financieros.'),
(221, 'Jefe de Marketing', 'Licenciatura en Mercadotecnia', '556677889', 48000.00, '987-98-7654', 'Estrategias de marketing digital y análisis de mercado.'),
(222, 'Supervisor de Ventas', 'Licenciatura en Administración', '223344556', 37000.00, '321-54-9876', 'Más de 4 años de experiencia en ventas.'),
(223, 'Asistente Administrativo', 'Licenciatura en Administración', '778899001', 25000.00, '654-32-1098', 'Funciones de apoyo administrativo y gestión de agenda.'),
(224, 'Director de Operaciones', 'MBA', '998877665', 60000.00, '111-22-3333', 'Gestión de operaciones en empresas multinacionales.'),
(225, 'Analista de Sistemas', 'Ingeniería en Sistemas', '333222111', 42000.00, '444-55-6666', 'Desarrollo y análisis de sistemas de información.'),
(226, 'Gerente de TI', 'Ingeniería en Computación', '777888999', 70000.00, '222-33-4444', 'Implementación de tecnología en empresas.'),
(227, 'Encargado de Logística', 'Ingeniería en Logística', '555666777', 38000.00, '555-66-7777', 'Coordinación de transporte y distribución.'),
(228, 'Responsable de Calidad', 'Licenciatura en Calidad', '444555666', 42000.00, '888-99-0000', 'Gestión de calidad y mejora continua.'),
(229, 'Contador', 'Licenciatura en Contaduría', '111222333', 45000.00, '777-88-9999', 'Contabilidad y auditoría financiera.'),
(230, 'Director Financiero', 'MBA', '999888777', 75000.00, '123-45-6789', 'Gestión financiera en empresas.'),
(231, 'Coordinador de Capacitación', 'Licenciatura en Educación', '123321123', 36000.00, '987-65-4321', 'Diseño e implementación de programas de capacitación.'),
(232, 'Asesor Legal', 'Licenciatura en Derecho', '456654456', 50000.00, '543-21-6789', 'Asesoría legal en temas corporativos.'),
(233, 'Desarrollador Web', 'Ingeniería en Sistemas', '789987789', 47000.00, '111-22-3333', 'Desarrollo de aplicaciones web y móviles.'),
(234, 'Investigador de Mercado', 'Licenciatura en Mercadotecnia', '123456789', 34000.00, '222-33-4444', 'Investigación y análisis de tendencias de mercado.'),
(235, 'Ejecutivo de Cuentas', 'Licenciatura en Administración', '987654321', 32000.00, '333-44-5555', 'Gestión de relaciones con clientes.'),
(236, 'Jefe de Seguridad', 'Licenciatura en Seguridad', '654321987', 42000.00, '444-55-6666', 'Implementación de protocolos de seguridad.'),
(237, 'Gerente de Proyectos', 'Ingeniería en Sistemas', '456123789', 50000.00, '555-66-7777', 'Gestión de proyectos tecnológicos.'),
(238, 'Director de Recursos Humanos', 'MBA', '789456123', 60000.00, '666-77-8888', 'Liderazgo en recursos humanos.'),
(239, 'Analista de Calidad', 'Licenciatura en Calidad', '321654987', 37000.00, '777-88-9999', 'Control de calidad en procesos.'),
(240, 'Coordinador de Ventas', 'Licenciatura en Administración', '654789321', 40000.00, '888-99-0000', 'Coordinación de equipo de ventas.'),
(241, 'Asistente de Marketing', 'Licenciatura en Mercadotecnia', '321321321', 28000.00, '111-22-3333', 'Apoyo en campañas de marketing.'),
(242, 'Consultor de Negocios', 'MBA', '456456456', 52000.00, '222-33-4444', 'Asesoría a empresas para optimización.'),
(243, 'Jefe de Compras', 'Licenciatura en Administración', '654654654', 45000.00, '333-44-5555', 'Gestión de compras y proveedores.'),
(244, 'Gerente de Innovación', 'Licenciatura en Diseño', '789789789', 55000.00, '444-55-6666', 'Fomento a la innovación en productos.'),
(245, 'Coordinador de Eventos', 'Licenciatura en Turismo', '987987987', 35000.00, '555-66-7777', 'Organización de eventos corporativos.'),
(246, 'Asesor Financiero', 'Licenciatura en Finanzas', '654321456', 48000.00, '666-77-8888', 'Asesoría financiera personalizada.'),
(247, 'Jefe de IT', 'Ingeniería en Sistemas', '321654321', 62000.00, '777-88-9999', 'Liderazgo en proyectos de IT.'),
(248, 'Gerente de Relaciones Públicas', 'Licenciatura en Comunicación', '123654789', 50000.00, '888-99-0000', 'Gestión de relaciones con medios.'),
(249, 'Encargado de Control Interno', 'Licenciatura en Contaduría', '789321654', 40000.00, '111-22-3333', 'Supervisión de auditorías internas.'),
(250, 'Responsable de Responsabilidad Social', 'Licenciatura en Trabajo Social', '654789321', 39000.00, '222-33-4444', 'Gestión de programas de responsabilidad social.'),
(251, 'Asistente de Administración', 'Licenciatura en Administración', '456321789', 26000.00, '333-44-5555', 'Apoyo en tareas administrativas.'),
(252, 'Director de Proyectos Especiales', 'MBA', '987654123', 75000.00, '444-55-6666', 'Gestión de proyectos especiales.'),
(253, 'Coordinador de Comunicación Interna', 'Licenciatura en Comunicación', '123789456', 35000.00, '555-66-7777', 'Comunicación interna y cultura organizacional.'),
(254, 'Supervisor de Mantenimiento', 'Ingeniería Mecánica', '321987654', 43000.00, '666-77-8888', 'Supervisión de mantenimiento de instalaciones.'),
(255, 'Gerente de Servicios Generales', 'Licenciatura en Administración', '987123456', 47000.00, '777-88-9999', 'Gestión de servicios generales y proveedores.'),
(256, 'Jefe de Proyectos de Construcción', 'Ingeniería Civil', '111222333', 62000.00, '321-54-9876', 'Gestión de proyectos de construcción.'),
(257, 'Responsable de Auditoría', 'Licenciatura en Contaduría', '444555666', 48000.00, '654-32-1098', 'Auditorías internas y externas.'),
(258, 'Coordinador de Ventas Internacionales', 'Licenciatura en Comercio Internacional', '999888777', 55000.00, '123-45-6789', 'Desarrollo de estrategias de ventas en el extranjero.'),
(259, 'Analista de Recursos Humanos', 'Licenciatura en Psicología', '222333444', 37000.00, '987-65-4321', 'Selección y capacitación de personal.'),
(260, 'Gerente de Innovación y Desarrollo', 'MBA', '555666777', 70000.00, '111-22-3333', 'Fomento a la innovación en procesos y productos.'),
(261, 'Director de Estrategia', 'Licenciatura en Administración', '888999000', 80000.00, '222-33-4444', 'Definición y seguimiento de la estrategia empresarial.'),
(262, 'Jefe de Proyectos de IT', 'Ingeniería en Sistemas', '333444555', 65000.00, '333-44-5555', 'Liderazgo en proyectos tecnológicos.'),
(263, 'Coordinador de Gestión de Talento', 'Licenciatura en Recursos Humanos', '666777888', 48000.00, '444-55-6666', 'Desarrollo y gestión de talento humano.'),
(264, 'Asesor de Ventas', 'Licenciatura en Mercadotecnia', '999000111', 32000.00, '555-66-7777', 'Asesoría a clientes en productos y servicios.'),
(265, 'Director de Tecnología', 'MBA', '123123123', 72000.00, '666-77-8888', 'Gestión de la infraestructura tecnológica.'),
(266, 'Gerente de Producción', 'Ingeniería Industrial', '456456456', 60000.00, '777-88-9999', 'Supervisión de procesos de producción.'),
(267, 'Coordinador de Marketing Digital', 'Licenciatura en Mercadotecnia', '789789789', 45000.00, '888-99-0000', 'Estrategias de marketing en línea.');

-- Inserccion de 50 padres
INSERT INTO padres (id_usuario, id_alumno, parentesco, alergias, tipo_sangre) 
VALUES 
(468, 1, 'Padre', 'Ninguna', 'O+'),
(469, 2, 'Madre', 'Polen', 'A+'),
(470, 3, 'Padre', 'Ninguna', 'B+'),
(471, 4, 'Padre', 'Lácteos', 'AB+'),
(472, 5, 'Madre', 'Ninguna', 'O-'),
(473, 6, 'Padre', 'Ninguna', 'A-'),
(474, 7, 'Madre', 'Penicilina', 'B-'),
(475, 8, 'Padre', 'Gluten', 'AB-'),
(476, 9, 'Padre', 'Ninguna', 'O+'),
(477, 10, 'Madre', 'Frutos secos', 'A+'),
(478, 11, 'Padre', 'Ninguna', 'B+'),
(479, 12, 'Madre', 'Mariscos', 'AB+'),
(480, 13, 'Padre', 'Polvo', 'O-'),
(481, 14, 'Padre', 'Ninguna', 'A-'),
(482, 15, 'Madre', 'Ninguna', 'B-'),
(483, 16, 'Padre', 'Picaduras de insectos', 'AB-'),
(484, 17, 'Padre', 'Ninguna', 'O+'),
(485, 18, 'Madre', 'Ninguna', 'A+'),
(486, 19, 'Padre', 'Ninguna', 'B+'),
(487, 20, 'Madre', 'Penicilina', 'AB+'),
(488, 21, 'Padre', 'Lácteos', 'O-'),
(489, 22, 'Padre', 'Polen', 'A-'),
(490, 23, 'Madre', 'Mariscos', 'B-'),
(491, 24, 'Padre', 'Frutos secos', 'AB-'),
(492, 25, 'Padre', 'Ninguna', 'O+'),
(493, 26, 'Madre', 'Gluten', 'A+'),
(494, 27, 'Padre', 'Ninguna', 'B+'),
(495, 28, 'Padre', 'Ninguna', 'AB+'),
(496, 29, 'Madre', 'Picaduras de insectos', 'O-'),
(497, 30, 'Padre', 'Ninguna', 'A-'),
(498, 31, 'Madre', 'Ninguna', 'B-'),
(499, 32, 'Padre', 'Polen', 'AB-'),
(500, 33, 'Padre', 'Penicilina', 'O+'),
(501, 34, 'Madre', 'Mariscos', 'A+'),
(502, 35, 'Padre', 'Lácteos', 'B+'),
(503, 36, 'Madre', 'Frutos secos', 'AB+'),
(504, 37, 'Padre', 'Ninguna', 'O-'),
(505, 38, 'Madre', 'Polvo', 'A-'),
(506, 39, 'Padre', 'Gluten', 'B-'),
(507, 40, 'Padre', 'Ninguna', 'AB-'),
(508, 41, 'Madre', 'Polen', 'O+'),
(509, 42, 'Padre', 'Ninguna', 'A+'),
(510, 43, 'Madre', 'Ninguna', 'B+'),
(511, 44, 'Padre', 'Lácteos', 'AB+'),
(512, 45, 'Madre', 'Picaduras de insectos', 'O-'),
(513, 46, 'Padre', 'Frutos secos', 'A-'),
(514, 47, 'Madre', 'Ninguna', 'B-'),
(515, 48, 'Padre', 'Polvo', 'AB-'),
(516, 49, 'Padre', 'Ninguna', 'O+'),
(517, 50, 'Madre', 'Mariscos', 'A+');


-- inserccion de asistencias de los alumnos
INSERT INTO asistencias (id_asistencia, id_alumno, fecha, estado)
VALUES
(51, 1, '2024-09-06', 'Presente'),
(52, 2, '2024-09-06', 'Justificado'),
(53, 3, '2024-09-06', 'Ausente'),
(54, 4, '2024-09-06', 'Presente'),
(55, 5, '2024-09-06', 'Justificado'),
(56, 6, '2024-09-06', 'Presente'),
(57, 7, '2024-09-06', 'Justificado'),
(58, 8, '2024-09-06', 'Presente'),
(59, 9, '2024-09-06', 'Ausente'),
(60, 10, '2024-09-06', 'Presente'),
(61, 11, '2024-09-07', 'Ausente'),
(62, 12, '2024-09-07', 'Presente'),
(63, 13, '2024-09-07', 'Presente'),
(64, 14, '2024-09-07', 'Justificado'),
(65, 15, '2024-09-07', 'Presente'),
(66, 16, '2024-09-07', 'Ausente'),
(67, 17, '2024-09-07', 'Presente'),
(68, 18, '2024-09-07', 'Ausente'),
(69, 19, '2024-09-07', 'Presente'),
(70, 20, '2024-09-07', 'Justificado'),
(71, 21, '2024-09-08', 'Presente'),
(72, 22, '2024-09-08', 'Ausente'),
(73, 23, '2024-09-08', 'Presente'),
(74, 24, '2024-09-08', 'Justificado'),
(75, 25, '2024-09-08', 'Ausente'),
(76, 26, '2024-09-08', 'Presente'),
(77, 27, '2024-09-08', 'Presente'),
(78, 28, '2024-09-08', 'Justificado'),
(79, 29, '2024-09-08', 'Ausente'),
(80, 30, '2024-09-08', 'Presente'),
(81, 31, '2024-09-09', 'Presente'),
(82, 32, '2024-09-09', 'Justificado'),
(83, 33, '2024-09-09', 'Ausente'),
(84, 34, '2024-09-09', 'Presente'),
(85, 35, '2024-09-09', 'Presente'),
(86, 36, '2024-09-09', 'Ausente'),
(87, 37, '2024-09-09', 'Presente'),
(88, 38, '2024-09-09', 'Justificado'),
(89, 39, '2024-09-09', 'Ausente'),
(90, 40, '2024-09-09', 'Presente'),
(91, 41, '2024-09-10', 'Ausente'),
(92, 42, '2024-09-10', 'Presente'),
(93, 43, '2024-09-10', 'Presente'),
(94, 44, '2024-09-10', 'Ausente'),
(95, 45, '2024-09-10', 'Justificado'),
(96, 46, '2024-09-10', 'Presente'),
(97, 47, '2024-09-10', 'Ausente'),
(98, 48, '2024-09-10', 'Presente'),
(99, 49, '2024-09-10', 'Justificado'),
(100, 50, '2024-09-10', 'Ausente');

-- Inserccion de boletas
INSERT INTO boletas (id_alumno, ciclo_escolar, observaciones) VALUES
(1, '2023-2024', 'Buen desempeño en matemáticas.'),
(2, '2023-2024', 'Necesita mejorar en lectura.'),
(3, '2023-2024', 'Participa activamente en clase.'),
(4, '2023-2024', 'Excelente en deportes.'),
(5, '2023-2024', 'Debe mejorar en asistencia.'),
(6, '2023-2024', 'Desempeño sobresaliente en ciencias.'),
(7, '2023-2024', 'Muestra interés por el arte.'),
(8, '2023-2024', 'Muy responsable con sus tareas.'),
(9, '2023-2024', 'Requiere apoyo en comprensión lectora.'),
(10, '2023-2024', 'Trabaja bien en equipo.'),
(11, '2023-2024', 'Necesita mejorar en puntualidad.'),
(12, '2023-2024', 'Gran desempeño en historia.'),
(13, '2023-2024', 'Participa activamente en proyectos grupales.'),
(14, '2023-2024', 'Mejora en su actitud hacia el estudio.'),
(15, '2023-2024', 'Requiere refuerzo en matemáticas.'),
(16, '2023-2024', 'Sobresale en educación física.'),
(17, '2023-2024', 'Excelente manejo de tecnologías.'),
(18, '2023-2024', 'Participación destacada en actividades extracurriculares.'),
(19, '2023-2024', 'Le cuesta concentrarse en clase.'),
(20, '2023-2024', 'Buen progreso en habilidades de escritura.'),
(21, '2023-2024', 'Requiere mejorar en participación en clase.'),
(22, '2023-2024', 'Gran capacidad de análisis.'),
(23, '2023-2024', 'Muy creativo en trabajos de arte.'),
(24, '2023-2024', 'Debe mejorar en puntualidad y asistencia.'),
(25, '2023-2024', 'Muy buen desempeño en trabajos en equipo.'),
(26, '2023-2024', 'Requiere mejorar en tareas individuales.'),
(27, '2023-2024', 'Participa en actividades de voluntariado.'),
(28, '2023-2024', 'Destaca en exposiciones orales.'),
(29, '2023-2024', 'Gran responsabilidad con los trabajos entregados.'),
(30, '2023-2024', 'Mejorando en matemáticas, sigue trabajando.'),
(31, '2023-2024', 'Excelente en ciencias naturales.'),
(32, '2023-2024', 'Requiere mejorar en trabajo en grupo.'),
(33, '2023-2024', 'Muestra iniciativa en proyectos escolares.'),
(34, '2023-2024', 'Necesita mejorar en lectura comprensiva.'),
(35, '2023-2024', 'Gran avance en redacción.'),
(36, '2023-2024', 'Debe mejorar en matemáticas.'),
(37, '2023-2024', 'Muestra interés por las ciencias sociales.'),
(38, '2023-2024', 'Responsable y dedicado en tareas.'),
(39, '2023-2024', 'Participa activamente en debates.'),
(40, '2023-2024', 'Requiere refuerzo en actividades físicas.'),
(41, '2023-2024', 'Excelente en proyectos tecnológicos.'),
(42, '2023-2024', 'Debe mejorar en comunicación con sus compañeros.'),
(43, '2023-2024', 'Destacado en actividades deportivas.'),
(44, '2023-2024', 'Muy bueno en investigación científica.'),
(45, '2023-2024', 'Muestra interés por la lectura, buen progreso.'),
(46, '2023-2024', 'Debe mejorar en puntualidad.'),
(47, '2023-2024', 'Gran desempeño en trabajos prácticos.'),
(48, '2023-2024', 'Debe ser más participativo en clase.'),
(49, '2023-2024', 'Excelente en habilidades matemáticas.'),
(50, '2023-2024', 'Sobresale en educación artística.');

